{
	"icons": [ "awesome-fonts" ],
	"defaults": {
		"separator-block-width": 0,
		"critical": {
			"fg": "#ffffff",
			"bg": "#ff0000"
		},
		"warning": {
			"fg": "#d75f00",
			"bg": "#ffd700"
		},
		"default_separators": false
	},
	"cycle": [
		{
			"fg": "#ffd700",
			"bg": "#d75f00"
		},
		{
			"fg": "#ffffff",
			"bg": "#0087af"
		}
	],
	"dnf": {
		"good": {
			"fg": "#494949",
			"bg": "#41db00"
		}
	},
	"battery": {
		"charged": {
			"fg": "#494949",
			"bg": "#41db00"
		},
		"AC": {
			"fg": "#494949",
			"bg": "#41db00"
		}
	}
}
